Titulo,Autor,Ano,Genero
Universal user-facing hardware,Autor A,1969,Ficção
Virtual zero administration projection,Autor G,1924,Mistério
Extended 6thgeneration implementation,Autor E,1913,Não-ficção
Devolved zero tolerance approach,Autor C,1999,Ficção
Inverse composite strategy,Autor A,1941,Biografia
Organic user-facing toolset,Autor I,2022,Fantasia
Phased uniform projection,Autor A,1920,Fantasia
Triple-buffered maximized superstructure,Autor G,2019,Romance
Versatile global concept,Autor C,1970,Ficção
Centralized uniform hardware,Autor I,2014,Mistério
Adaptive stable groupware,Autor F,2023,Ficção
Ameliorated well-modulated parallelism,Autor F,2007,Não-ficção
De-engineered mission-critical frame,Autor H,1995,Fantasia
Down-sized 5thgeneration array,Autor F,2001,Mistério
Synergistic 24/7 policy,Autor H,1979,Não-ficção
Quality-focused bottom-line support,Autor H,2017,Aventura
Stand-alone encompassing budgetary management,Autor I,2017,Romance
Self-enabling zero tolerance encryption,Autor I,1921,Biografia
Future-proofed radical success,Autor E,1987,Biografia
Cross-group contextually-based orchestration,Autor D,2019,Mistério
Front-line impactful workforce,Autor B,1969,Terror
Inverse content-based initiative,Autor H,1935,Biografia
Implemented content-based function,Autor J,1965,Aventura
Streamlined next generation instruction set,Autor A,1946,Não-ficção
Right-sized logistical utilization,Autor A,1969,Romance
Cross-group bottom-line intranet,Autor F,1935,Romance
Universal even-keeled process improvement,Autor H,1960,Romance
Reverse-engineered stable service-desk,Autor H,1994,Não-ficção
Ergonomic web-enabled encryption,Autor D,1968,Ficção
Compatible global encoding,Autor D,2006,Fantasia
